NAME,MATERIALS
Pro 17 2l pot,PN12344A21
Pro 17 2l pot,PN18324C51
Pro 17 2l pot,PN18544A21
Pro 17 2l pot,PN18544C21
Pro 17 2l pot,PN52384R12
Pro 17 2l pot,PN52384R45
Pro 17 2l sauce pan,PN18324C91
Pro 17 2l sauce pan,PN52384R45
Pro 20 3l pot,PN12344A21
Pro 20 3l pot,PN18324C51
Pro 20 3l pot,PN18544A21
Pro 20 3l pot,PN18544C21
Pro 20 3l pot,PN52384R10
Pro 20 3l pot,PN52384R50
Pro 22 5l pot,PN12344A21
Pro 22 5l pot,PN18324C54
Pro 22 5l pot,PN18544A21
Pro 22 5l pot,PN18544C21
Pro 22 5l pot,PN52384R10
Pro 22 5l pot,PN52384R50
